{
  "roc_auc": 0.8138326484604506,
  "pr_auc": 0.20258247432176635,
  "n_features": 16
}