{
  "precision@50": 0.64,
  "recall@50": 0.007874015748031496,
  "precision@100": 0.61,
  "recall@100": 0.015009842519685039,
  "precision@200": 0.505,
  "recall@200": 0.02485236220472441,
  "precision@500": 0.422,
  "recall@500": 0.051919291338582675
}